City,Cloudiness,Country,Date,Humidity,Lat,Lng,Max Temp,Wind Speed
Ulladulla,99,AU,1595628574,100,-35.35,150.47,45.0,2.24
Yulara,0,AU,1595628574,75,-25.24,130.99,41.0,10.29
Hilo,90,US,1595628279,69,19.73,-155.09,82.4,12.75
Diffa,13,NE,1595628574,46,13.32,12.61,87.76,4.63
Santa Cruz de la Sierra,75,BO,1595628465,82,-17.8,-63.17,59.0,4.7
Castro,0,BR,1595628543,75,-24.79,-50.01,59.29,4.36
Vostok,50,RU,1595628574,94,46.49,135.88,61.11,1.52
Gallup,75,US,1595628575,49,35.53,-108.74,73.4,10.29
Puerto Ayora,75,EC,1595628318,65,-0.74,-90.35,77.0,18.34
Bredasdorp,0,ZA,1595628575,87,-34.53,20.04,48.2,3.36
Rikitea,26,PF,1595628575,58,-23.12,-134.97,68.72,13.4
Los Llanos de Aridane,13,ES,1595628518,78,28.66,-17.92,71.6,17.22
Nikolskoye,20,RU,1595628517,81,59.7,30.79,54.0,6.71
Yellowknife,75,CA,1595628518,72,62.46,-114.35,59.0,6.93
Punta Arenas,20,CL,1595628240,74,-53.15,-70.92,37.4,11.41
Yantal',2,RU,1595628576,86,56.85,105.25,50.09,1.7
Carnarvon,0,AU,1595628515,81,-24.87,113.63,51.8,6.93
Oktyabr'skoye,30,RU,1595628576,73,43.06,44.74,69.8,4.47
Vaini,75,TO,1595628576,94,-21.2,-175.2,73.4,9.17
Elizabeth City,1,US,1595628577,66,36.29,-76.25,88.0,6.93
Borgarnes,20,IS,1595628578,61,64.54,-21.92,48.2,23.04
Bambous Virieux,75,MU,1595628498,56,-20.34,57.76,68.0,16.11
Réo,55,BF,1595628578,76,12.32,-2.47,79.48,4.9
Nome,90,US,1595628541,76,64.5,-165.41,57.0,4.7
Jamestown,75,US,1595628308,78,42.1,-79.24,79.0,8.05
Chokurdakh,24,RU,1595628499,53,70.63,147.92,73.15,7.07
Paris,51,FR,1595627753,60,48.85,2.35,72.0,2.24
Yako,100,BF,1595628579,78,12.97,-2.27,75.74,7.07
Tuktoyaktuk,75,CA,1595628520,67,69.45,-133.04,62.6,6.93
Arrondissement du Havre,90,FR,1595628579,82,49.58,0.33,64.4,6.93
Touros,20,BR,1595628554,78,-5.2,-35.46,77.0,6.93
West Wendover,1,US,1595628580,15,40.74,-114.07,89.6,8.05
Hermanus,0,ZA,1595628494,86,-34.42,19.23,48.99,2.37
South Venice,20,US,1595628580,70,27.05,-82.42,87.01,9.17
Opuwo,0,NA,1595628580,39,-18.06,13.84,54.82,7.2
Ketchikan,90,US,1595628580,77,55.34,-131.65,59.0,9.17
Avera,1,US,1595628502,44,33.19,-82.53,93.2,4.7
Ucluelet,20,CA,1595628496,68,48.93,-125.55,64.99,16.11
Ponta do Sol,0,PT,1595628523,61,32.67,-17.1,71.01,3.94
Marabba,86,SD,1595628580,59,12.35,32.18,83.3,17.76
Bilibino,5,RU,1595628501,55,68.05,166.44,75.9,6.4
Batemans Bay,99,AU,1595628549,97,-35.72,150.18,44.01,1.01
Hithadhoo,100,MV,1595628497,73,-0.6,73.08,81.09,5.32
Kungurtug,65,RU,1595628581,75,50.6,97.52,49.51,0.98
Ushuaia,90,AR,1595628371,94,-54.8,-68.3,32.0,16.11
Lebu,94,CL,1595628500,79,-37.62,-73.65,48.52,9.19
Salalah,75,OM,1595628581,94,17.02,54.09,78.8,8.05
Bandarbeyla,3,SO,1595628518,81,9.49,50.81,75.49,28.97
Port Blair,36,IN,1595628511,78,11.67,92.75,81.21,4.12
Avarua,83,CK,1595628493,53,-21.21,-159.78,77.0,6.93
Chui,100,UY,1595628530,90,-33.7,-53.46,47.98,6.44
Mar del Plata,75,AR,1595628330,75,-38.0,-57.56,43.0,20.8
Pisco,0,PE,1595628499,68,-13.7,-76.22,68.0,25.28
Cape Town,0,ZA,1595628501,50,-33.93,18.42,57.2,2.24
Kapaa,20,US,1595628507,74,22.08,-159.32,82.99,11.41
Engerwitzdorf,75,AT,1595628583,93,48.35,14.44,63.0,8.05
Tiznit Province,0,MA,1595628583,43,29.58,-9.5,77.68,2.13
Benghazi,0,LY,1595628584,83,32.12,20.07,77.56,9.93
Mataura,95,NZ,1595628492,88,-46.19,168.86,44.83,5.7
New Norfolk,100,AU,1595628500,84,-42.78,147.06,44.01,1.01
Rocha,100,UY,1595628584,90,-34.48,-54.33,46.42,6.6
Saint-Philippe,90,RE,1595628534,59,-21.36,55.77,66.2,11.41
Kangaatsiaq,99,GL,1595628526,89,68.31,-53.46,45.16,12.84
Kaeo,79,NZ,1595628584,3,-35.1,173.78,51.01,6.44
Oranjestad,20,AW,1595628495,66,12.52,-70.03,87.8,24.16
Albany,50,US,1595628498,45,42.6,-73.97,87.01,2.75
Nālūt,0,LY,1595628584,19,30.33,10.85,79.14,11.77
Hasaki,75,JP,1595628585,100,35.73,140.83,75.2,1.12
Port Alfred,0,ZA,1595628493,28,-33.59,26.89,67.82,8.93
Shetpe,10,KZ,1595628585,50,44.17,52.12,76.46,7.07
Sol'-Iletsk,96,RU,1595628585,83,51.16,54.99,62.92,5.97
Yerbogachën,74,RU,1595628585,91,61.28,108.01,52.05,8.66
Upernavik,58,GL,1595628505,79,72.79,-56.15,46.65,2.24
Fortuna,20,US,1595628244,72,40.6,-124.16,64.99,16.11
Hong Kong,100,HK,1595628281,79,22.29,114.16,84.0,5.99
Atuona,24,PF,1595628518,80,-9.8,-139.03,78.75,19.6
Muroto-misakicho,75,JP,1595628585,94,33.28,134.15,77.0,10.29
Dikson,88,RU,1595628492,97,73.51,80.55,42.67,11.99
Kaihua,92,CN,1595628586,93,23.37,104.28,67.08,4.5
Wawa,84,NG,1595628586,86,9.9,4.42,76.84,5.23
Baruun-Urt,32,MN,1595628560,84,46.68,113.28,64.54,5.5
Karratha,0,AU,1595628497,46,-20.74,116.85,65.71,12.35
Pevek,94,RU,1595628571,68,69.7,170.31,46.24,8.72
Takaka,3,NZ,1595628586,73,-40.85,172.8,48.99,1.99
Mokrous,0,RU,1595628586,65,51.23,47.52,60.42,7.02
Leningradskiy,99,RU,1595628532,68,69.38,178.42,47.07,12.73
Bethel,1,US,1595628295,57,41.37,-73.41,82.0,2.55
Butaritari,24,KI,1595628493,80,3.07,172.79,81.99,16.64
Corsicana,75,US,1595628586,59,32.1,-96.47,91.99,10.29
Saskylakh,100,RU,1595628529,88,71.92,114.08,45.34,9.13
Buraidah,40,SA,1595628587,30,26.33,43.98,98.6,3.36
Tasiilaq,81,GL,1595628587,81,65.61,-37.64,42.8,9.17
Matagami,40,CA,1595628587,36,49.75,-77.63,80.6,5.82
Mahanoro,19,MG,1595628587,82,-19.9,48.8,65.3,9.75
Kruisfontein,0,ZA,1595628506,26,-34.0,24.73,62.64,9.48
Soc Trang,100,VN,1595628361,88,9.6,105.98,75.36,3.04
Brae,75,GB,1595628560,82,60.4,-1.35,55.4,10.29
Lompoc,10,US,1595628451,64,34.64,-120.46,69.8,13.87
Christchurch,0,NZ,1595628472,100,-43.53,172.63,30.2,3.36
Kapit,100,MY,1595628547,95,2.02,112.93,73.62,2.21
Yar-Sale,5,RU,1595628513,86,66.83,70.83,50.92,8.46
Whyalla,0,AU,1595628588,100,-33.03,137.58,41.0,5.82
Bolshaya Dzhalga,91,RU,1595628588,38,45.97,42.7,72.09,9.42
Charlestown,0,AU,1595628400,96,-32.95,151.67,55.99,4.09
Airai,48,TL,1595628588,78,-8.93,125.41,51.91,3.2
Adrar,10,MR,1595628566,16,20.5,-10.07,98.8,4.09
East London,0,ZA,1595628513,28,-33.02,27.91,64.42,5.55
Provideniya,100,RU,1595628514,65,64.38,-173.3,50.36,6.06
Beloha,0,MG,1595628551,77,-25.17,45.05,59.29,11.21
Prosvet,5,RU,1595628588,78,55.57,65.08,53.35,6.76
Busselton,87,AU,1595628501,77,-33.65,115.33,44.01,14.74
Thompson,90,CA,1595628236,94,55.74,-97.86,69.8,4.7
Roald,0,NO,1595628589,87,62.58,6.13,51.8,13.87
Portland,90,US,1595628091,55,45.52,-122.68,70.0,6.93
Cap Malheureux,26,MU,1595628544,52,-19.98,57.61,68.0,5.99
Lethem,94,GY,1595628589,82,3.38,-59.8,79.93,3.24
Fort-Shevchenko,47,KZ,1595628589,67,44.51,50.26,80.44,7.94
Lālmohan,68,BD,1595628589,84,22.34,90.74,81.79,8.84
Tomatlán,87,MX,1595628589,67,19.93,-105.25,85.14,10.4
Hobart,100,AU,1595628384,81,-42.88,147.33,44.01,9.17
Staryy Nadym,16,RU,1595628590,81,65.61,72.68,48.06,10.02
Geraldton,0,AU,1595628515,70,-28.77,114.6,46.4,18.34
Namatanai,0,PG,1595628551,77,-3.67,152.43,81.97,8.39
Launceston,100,AU,1595628590,86,-41.45,147.17,39.0,4.7
Marsaxlokk,0,MT,1595628590,57,35.84,14.54,80.01,4.7
Ust-Tsilma,74,RU,1595628590,64,65.44,52.15,59.36,4.29
Bela Vista,19,BR,1595628590,45,-22.11,-56.52,78.93,5.03
Novovasylivka,0,UA,1595628590,54,46.83,35.75,67.06,5.55
Bluff,100,NZ,1595628590,82,-46.6,168.33,50.27,16.4
Torbay,90,CA,1595628315,100,47.67,-52.73,55.99,4.7
Marabá,58,BR,1595628591,40,-5.37,-49.12,89.6,4.7
George Town,20,MY,1595628485,94,5.41,100.34,77.0,4.7
Half Moon Bay,75,US,1595628450,87,37.46,-122.43,78.01,6.93
Camacha,40,PT,1595628562,82,33.08,-16.33,68.0,11.41
Quatre Cocos,75,MU,1595628591,56,-20.21,57.76,68.0,16.11
Mahébourg,75,MU,1595628514,56,-20.41,57.7,68.0,16.11
Kisesa,0,TZ,1595628591,47,-3.08,34.15,65.52,10.27
Marawi,66,PH,1595628563,95,8.0,124.29,73.0,4.0
Acapulco de Juárez,40,MX,1595628376,66,16.86,-99.89,87.8,8.05
Lewistown,75,US,1595628591,62,40.6,-77.57,84.99,0.81
Turukhansk,100,RU,1595628534,75,65.82,87.98,55.22,2.62
Bariloche,75,AR,1595628591,80,-41.15,-71.31,35.6,27.51
Barrow,90,US,1595628443,80,71.29,-156.79,35.6,16.11
Sherlovaya Gora,99,RU,1595628592,95,50.57,116.25,64.76,2.26
Karpathos,1,GR,1595628592,83,35.51,27.21,75.2,16.11
Tromsø,100,NO,1595628592,82,69.65,18.96,57.2,6.93
Jiuquan,0,CN,1595628592,45,39.74,98.52,64.85,5.06
Korem,94,ET,1595628592,77,12.51,39.52,60.51,5.01
Mehndāwal,75,IN,1595628592,100,26.98,83.11,80.6,5.82
Kalispell,75,US,1595628592,21,48.2,-114.31,80.6,13.87
Kremenchuk,13,UA,1595628593,72,49.1,33.42,62.22,6.51
Chaman,0,PK,1595628593,46,30.92,66.45,76.53,5.08
Richards Bay,0,ZA,1595628544,77,-28.78,32.04,61.47,9.01
Vondrozo,44,MG,1595628593,100,-22.82,47.28,50.54,2.64
Klaksvík,100,FO,1595628503,100,62.23,-6.59,50.0,10.29
Marsh Harbour,0,BS,1595628315,73,26.54,-77.06,83.44,15.01
Metro,27,ID,1595628593,93,-5.11,105.31,72.55,3.24
Atar,0,MR,1595628593,21,20.52,-13.05,100.04,9.19
Osa,100,RU,1595628544,92,57.28,55.46,59.14,7.16
Makaha,1,US,1595628593,58,21.47,-158.22,87.8,17.22
Awjilah,0,LY,1595628594,55,29.11,21.29,78.15,15.88
Gweta,0,BW,1595628594,63,-20.18,25.23,54.73,12.33
Coari,57,BR,1595628522,81,-4.08,-63.14,80.55,1.14
Meulaboh,91,ID,1595628564,89,4.14,96.13,75.78,4.07
Evans,1,US,1595628491,46,33.53,-82.13,93.2,3.36
Salym,60,RU,1595628594,65,60.06,71.48,54.55,4.74
Willowmore,0,ZA,1595628594,38,-33.29,23.49,51.3,5.03
Codrington,21,AU,1595628531,87,-38.27,141.97,40.6,4.56
Olenegorsk,34,RU,1595628594,89,68.15,33.3,54.03,7.54
Noumea,76,NC,1595628311,78,-22.28,166.46,73.0,1.12
Mount Gambier,54,AU,1595628493,93,-37.83,140.77,37.4,5.82
Fairbanks,90,US,1595628476,63,64.84,-147.72,64.4,9.17
Kutum,93,SD,1595628595,23,14.2,24.67,85.46,6.82
Nenzing,94,AT,1595628595,77,47.14,9.67,64.0,5.99
Samarai,31,PG,1595628511,86,-10.62,150.67,79.47,13.04
Marabu,40,MY,1595628595,100,4.41,114.01,75.2,6.93
Severo-Kuril'sk,100,RU,1595628524,82,50.68,156.12,50.92,6.87
São Félix do Xingu,88,BR,1595628595,54,-6.64,-51.99,79.81,1.79
Dunedin,89,NZ,1595628569,49,-45.87,170.5,52.0,1.99
Buchanan,75,LR,1595628595,94,5.88,-10.05,77.0,11.36
Visby,73,SE,1595628595,87,57.64,18.3,59.0,8.05
Qaryat Sulūq,0,LY,1595628531,86,31.67,20.25,73.0,9.46
Inhambane,23,MZ,1595628515,76,-23.86,35.38,66.2,11.41
Skjervøy,99,NO,1595628528,77,70.03,20.97,56.26,3.2
Baculin,100,PH,1595628596,76,7.45,126.58,78.46,4.41
Haldībāri,99,IN,1595628596,90,26.33,88.77,78.46,3.74
Nanortalik,100,GL,1595628542,90,60.14,-45.24,45.88,9.06
Aklavik,75,CA,1595628497,48,68.22,-135.01,66.2,3.36
Nongpoh,98,IN,1595628596,94,25.9,91.88,72.1,1.97
Saint Paul Harbor,90,US,1595628527,93,57.79,-152.41,55.4,5.82
Te Anau,99,NZ,1595628543,86,-45.42,167.72,44.11,5.39
Lumphat,93,KH,1595628596,97,13.49,106.98,71.78,0.43
Saint George,75,US,1595628502,26,37.1,-113.58,95.0,8.05
Trostberg,75,DE,1595628597,93,48.03,12.56,63.0,6.93
Hobbs,40,US,1595628597,28,32.7,-103.14,93.2,12.75
Kismayo,12,SO,1595628597,74,-0.36,42.55,76.48,21.92
Hualmay,34,PE,1595628597,74,-11.1,-77.61,64.62,13.69
Aranda de Duero,2,ES,1595628597,59,41.67,-3.69,67.14,6.02
Mwinilunga,0,ZM,1595628597,49,-11.74,24.43,50.86,4.43
Port Elizabeth,0,ZA,1595628514,66,-33.92,25.57,51.8,4.7
San Cristobal,40,VE,1595628570,46,7.77,-72.22,89.6,16.11
Mehrān,0,IR,1595628597,24,33.12,46.16,82.4,4.7
Florø,29,NO,1595628597,71,61.6,5.03,55.4,6.93
Arman',48,RU,1595628598,75,59.7,150.17,59.36,5.5
Shelburne,75,CA,1595628598,48,44.08,-80.2,82.4,6.93
Vila,0,PT,1595628598,73,42.03,-8.16,69.8,5.82
Tual,51,ID,1595628527,79,-5.67,132.75,79.54,21.3
Davila,20,PH,1595628598,94,18.47,120.58,75.2,3.36
Talnakh,1,RU,1595628519,81,69.49,88.4,48.2,15.66
Agadez,0,NE,1595628598,18,19.75,10.25,84.49,1.41
Ostrovnoy,25,RU,1595628526,90,68.05,39.51,58.28,9.48
Morondava,0,MG,1595628536,53,-20.28,44.28,69.94,14.36
Warka,7,PL,1595628598,76,51.78,21.19,66.99,1.99
Cikupa,20,ID,1595628599,78,-6.24,106.51,79.0,2.24
Norman Wells,20,CA,1595628528,40,65.28,-126.83,69.8,12.75
Kenai,90,US,1595628599,87,60.55,-151.26,55.4,8.1
Hofn,58,IS,1595628530,59,64.25,-15.21,51.26,8.68
Gujar Khan,75,PK,1595628599,79,33.26,73.3,84.2,10.29
Khatanga,99,RU,1595628525,90,71.97,102.5,40.87,12.24
Lagoa,0,PT,1595628527,77,39.05,-27.98,70.09,10.87
Narsaq,97,GL,1595628535,71,60.92,-46.05,55.4,9.17
Scarborough,100,GB,1595628599,83,54.28,-0.4,57.99,3.0
Buin,0,CL,1595628599,35,-33.73,-70.75,57.2,4.7
Deputatsky,96,RU,1595628501,35,69.3,139.9,73.22,1.36
Puerto Gaitán,66,CO,1595628391,71,4.31,-72.08,84.47,4.92
Maniitsoq,100,GL,1595628600,92,65.42,-52.9,46.99,6.11
Kendari,56,ID,1595628600,92,-3.94,122.5,71.29,3.56
Behshahr,40,IR,1595628600,94,36.69,53.55,77.0,2.24
Hoquiam,90,US,1595628600,72,46.98,-123.89,64.99,18.34
St. George's,20,GD,1595628600,79,12.06,-61.75,84.2,4.7
Ridgecrest,20,US,1595628600,10,35.62,-117.67,98.01,8.12
Lüderitz,0,NA,1595628536,22,-26.65,15.16,69.8,9.17
Korla,0,CN,1595628601,69,41.76,86.15,81.0,1.99
Arraial do Cabo,0,BR,1595628536,73,-22.97,-42.03,73.4,13.87
Vao,93,NC,1595628506,81,-22.67,167.48,71.19,19.82
Pacifica,20,US,1595628450,59,37.61,-122.49,69.01,17.22
Hobyo,78,SO,1595628601,75,5.35,48.53,77.22,26.49
Labuhan,100,ID,1595628527,81,-6.88,112.21,72.99,10.63
Bengkulu,95,ID,1595628502,89,-3.8,102.27,74.32,4.21
São Domingos,35,BR,1595628601,40,-13.4,-46.32,73.08,6.89
Cherëmukhovo,88,RU,1595628601,82,60.35,59.99,50.52,4.83
Breytovo,0,RU,1595628602,85,58.3,37.86,50.88,6.49
Kirensk,0,RU,1595628602,92,57.79,108.11,52.16,3.0
Auki,20,SB,1595628515,74,-8.77,160.7,83.35,7.23
Khorixas,0,NA,1595628602,33,-20.37,14.97,59.54,9.17
Goderich,2,CA,1595628602,76,43.75,-81.72,75.0,13.31
Trelew,58,AR,1595628297,61,-43.25,-65.31,42.71,17.29
Hambantota,87,LK,1595628365,94,6.12,81.12,75.2,4.7
Butler,20,US,1595628603,45,39.45,-84.57,88.0,8.05
Kassala,100,SD,1595628603,56,15.45,36.4,82.85,15.86
Assiut,0,EG,1595628603,40,27.18,31.18,87.8,5.82
Muti,40,PH,1595628603,94,7.28,122.28,75.2,2.24
Greenlaw,99,GB,1595628603,79,55.71,-2.46,57.0,1.01
Balkanabat,0,TM,1595628604,33,39.51,54.37,88.65,5.93
Nouadhibou,0,MR,1595628545,83,20.93,-17.03,71.6,13.87
Mirador,95,BR,1595628604,45,-6.37,-44.36,77.81,2.13
Gari,25,RU,1595628604,81,59.43,62.35,52.07,3.44
Mae Chan,20,TH,1595628604,100,20.15,99.85,77.0,0.81
Trairi,1,BR,1595628514,77,-3.28,-39.27,77.68,11.63
Honningsvåg,7,NO,1595628604,93,70.98,25.97,55.4,4.7
Qaanaaq,0,GL,1595628509,52,77.48,-69.36,49.42,2.95
Oddur,6,SO,1595628605,65,4.12,43.89,70.92,22.39
Shaowu,100,CN,1595628605,88,27.34,117.48,76.8,0.89
Ubari,0,LY,1595628605,20,26.59,12.78,78.73,3.78
Skoghall,0,SE,1595628605,93,59.32,13.47,53.01,2.24
Buala,68,SB,1595628605,76,-8.14,159.59,83.84,10.92
Bairiki Village,40,KI,1595628605,70,1.33,172.98,84.2,6.93
São Filipe,31,CV,1595628537,80,14.9,-24.5,77.05,3.96
Port Hardy,40,CA,1595628518,63,50.7,-127.42,64.4,12.75
São João da Barra,0,BR,1595628273,78,-21.64,-41.05,73.4,11.41
Carmelo,19,UY,1595628606,53,-33.99,-58.29,50.0,13.87
Alofi,75,NU,1595628554,78,-19.06,-169.92,77.0,17.22
Kodinsk,0,RU,1595628561,93,58.69,99.18,48.22,3.2
Arrondissement de Saint-Denis,50,FR,1595628606,60,48.92,2.33,71.01,2.24
Cayenne,97,GF,1595628559,70,4.93,-52.33,84.2,8.05
Muscat,2,OM,1595628606,66,23.61,58.59,89.6,3.36
Gambēla,100,ET,1595628606,90,8.25,34.58,69.55,2.73
Neiafu,40,TO,1595628606,78,-18.65,-173.98,78.8,9.17
Necochea,91,AR,1595628569,88,-38.55,-58.74,39.99,14.0
Longyearbyen,0,SJ,1595628535,76,78.22,15.64,53.6,9.17
Dudinka,0,RU,1595628607,81,69.41,86.18,48.2,15.66
Miran Shah,0,PK,1595628607,48,33.01,70.07,86.16,1.05
Tadine,81,NC,1595628607,80,-21.55,167.88,72.46,17.18
Menongue,71,AO,1595628607,48,-14.66,17.69,50.05,4.21
Kaitangata,73,NZ,1595628529,53,-46.28,169.85,51.01,5.99
Sena Madureira,68,BR,1595628607,53,-9.07,-68.66,86.13,0.43
Winterberg,49,DE,1595628607,82,51.2,8.53,63.0,5.82
Mayo,1,US,1595628569,69,38.89,-76.51,84.0,5.82
Vila Franca do Campo,75,PT,1595628286,73,37.72,-25.43,69.8,2.24
California City,1,US,1595628470,11,35.13,-117.99,96.01,12.75
Katangli,70,RU,1595628608,81,51.71,143.23,52.68,10.42
Borogontsy,96,RU,1595628565,59,62.67,131.17,67.73,6.22
Lorengau,48,PG,1595628498,79,-2.02,147.27,83.5,10.47
Zhigansk,71,RU,1595628608,68,66.77,123.37,64.09,10.58
Erzin,6,TR,1595628608,83,36.96,36.2,82.0,1.52
Kavaratti,100,IN,1595628608,85,10.57,72.64,79.99,17.63
Barcelona,20,ES,1595628309,78,41.39,2.16,78.8,4.7
Husavik,75,IS,1595628544,65,66.04,-17.34,46.4,8.05
Tiksi,16,RU,1595628539,64,71.69,128.87,63.01,5.91
Caravelas,6,BR,1595628568,79,-17.71,-39.25,69.64,5.41
Āwash,10,ET,1595628609,64,8.98,40.17,75.29,7.16
Esperance,0,AU,1595628501,93,-33.87,121.9,44.6,12.75
Alyangula,0,AU,1595628530,100,-13.85,136.42,60.8,12.8
Verkhnyaya Inta,8,RU,1595628609,66,65.98,60.31,55.54,12.03
Sitka,90,US,1595628212,82,57.05,-135.33,59.0,8.05
Östersund,98,SE,1595628609,100,63.18,14.64,46.4,14.99
Sørland,100,NO,1595628609,89,67.67,12.69,52.92,3.06
Luleå,82,SE,1595628560,93,65.58,22.15,55.4,3.36
Makar'yev,0,RU,1595628609,91,57.88,43.81,50.07,2.01
Santa Fe,0,AR,1595628300,61,-31.63,-60.7,52.0,1.99
Chara,9,RU,1595628504,74,56.91,118.26,60.69,2.04
Birao,35,CF,1595628610,90,10.28,22.79,73.04,5.97
Souillac,75,MU,1595628505,56,-20.52,57.52,68.0,16.11
Shimoda,100,JP,1595628610,95,34.67,138.95,72.0,7.58
Moerai,72,PF,1595628610,77,-22.43,-151.33,73.04,8.43
Athabasca,97,CA,1595628388,61,54.72,-113.29,64.24,6.91
Balkhash,22,KZ,1595628610,52,46.84,74.98,74.03,11.74
San Policarpo,100,PH,1595628498,83,12.18,125.51,79.66,3.11
Walvis Bay,0,NA,1595628611,15,-22.96,14.51,70.0,12.75
Nanning,100,CN,1595628611,78,22.82,108.32,80.6,4.47
Keffi,99,NG,1595628611,91,8.85,7.87,73.31,4.05
Grand Forks,75,US,1595628611,62,47.93,-97.03,91.4,10.29
Surgut,33,RU,1595628611,81,61.25,73.42,51.8,6.71
Campulung Muscel,25,RO,1595628611,79,45.27,25.05,64.0,1.99
Qui Nhon,100,VN,1595628611,83,13.77,109.23,77.11,3.62
Kamyshin,0,RU,1595628611,64,50.1,45.42,61.38,5.91
Pamanukan,90,ID,1595628611,81,-6.28,107.81,72.25,4.38
Bubaque,100,GW,1595628612,83,11.28,-15.83,80.22,15.9
Ngunguru,28,NZ,1595628612,3,-35.62,174.5,51.01,5.19
Lima,90,PE,1595628434,82,-12.04,-77.03,62.6,13.87
Joshīmath,7,IN,1595628612,52,30.57,79.57,63.14,1.72
Rānikhet,91,IN,1595628612,98,29.65,79.42,63.03,2.06
Fare,0,PF,1595628533,73,-16.7,-151.02,78.15,18.77
Laguna,5,US,1595628324,33,38.42,-121.42,91.0,13.87
Westport,40,US,1595628438,69,41.14,-73.36,79.0,5.82
Panjakent,0,TJ,1595628365,50,39.5,67.61,77.0,6.93
‘Āhuimanu,40,US,1595628565,65,21.44,-157.84,87.8,14.99
Killybegs,99,IE,1595628613,96,54.63,-8.45,59.0,3.0
Carlsbad,1,US,1595628359,60,33.16,-117.35,78.01,10.29
Hollis,40,US,1595628613,54,42.74,-71.59,84.99,4.7
Pļaviņas,100,LV,1595628613,95,56.62,25.73,53.26,7.23
Wasilla,90,US,1595628613,87,61.58,-149.44,57.2,1.86
Mossamedes,0,AO,1595628553,85,-15.2,12.15,67.1,7.05
Verkhoyansk,96,RU,1595628613,36,67.54,133.38,78.04,2.95
Médéa,0,DZ,1595628614,83,36.26,2.75,73.4,4.7
Morón,0,AR,1595628614,60,-34.65,-58.62,48.99,3.0
Yangi Marg`ilon,55,UZ,1595628548,41,40.43,71.72,78.8,9.17
Pangody,32,RU,1595628614,82,65.85,74.49,48.97,9.66
Umm Hājar,96,TD,1595628614,60,13.3,19.7,83.62,6.33
Clyde River,40,CA,1595628542,76,70.47,-68.59,51.8,4.7
Vágur,99,FO,1595628614,96,61.47,-6.81,52.99,10.49
Ballesteros,97,PH,1595628614,89,18.41,121.52,78.44,8.72
Tazovsky,0,RU,1595628615,80,67.47,78.7,46.94,10.2
Katsuura,96,JP,1595628547,94,35.13,140.3,77.0,1.01
Ararat,40,AM,1595628615,41,39.83,44.7,75.2,9.17
Niquelândia,0,BR,1595628615,39,-14.47,-48.46,74.35,5.03
Rio Claro,0,BR,1595628615,41,-22.41,-47.56,75.2,5.82
Leshukonskoye,38,RU,1595628550,93,64.9,45.76,58.55,2.86
São Tomé,99,ST,1595628615,75,0.34,6.73,75.94,11.81
Rossano,0,IT,1595628615,38,39.58,16.63,77.0,1.01
Pochutla,75,MX,1595628615,70,15.74,-96.47,88.0,11.41
Impfondo,40,CG,1595628615,71,1.64,18.07,75.43,1.32
Puerto Escondido,75,MX,1595628615,70,15.85,-97.07,84.2,5.35
Cham,75,CH,1595628616,82,47.18,8.46,64.4,2.24
Malbork,99,PL,1595628522,87,54.04,19.03,61.0,5.82
Utica,1,US,1595628405,48,43.1,-75.23,84.99,6.93
Saldanha,0,ZA,1595628228,61,-33.01,17.94,50.0,2.24
Dingle,100,PH,1595628616,86,11.0,122.67,76.6,1.59
Hamilton,1,US,1595628376,45,39.18,-84.53,90.0,5.82
Palmer,75,US,1595628616,51,42.16,-72.33,82.99,3.0
Morristown,90,US,1595628616,83,36.21,-83.29,71.6,11.41
Aras,0,ES,1595628616,68,42.56,-2.36,66.2,5.82
San Patricio,75,MX,1595628558,79,19.22,-104.7,86.0,5.82
Kesova Gora,18,RU,1595628616,91,57.58,37.29,46.8,5.99
North Augusta,1,US,1595628617,46,33.5,-81.97,93.99,3.36
Imbituba,41,BR,1595628363,82,-28.24,-48.67,68.0,10.29
Kānt,3,IN,1595628617,77,27.8,79.8,82.11,7.7
Alice Springs,0,AU,1595628419,75,-23.7,133.88,42.8,9.17
Ponta Delgada,75,PT,1595628434,73,37.73,-25.67,69.8,2.24
Japura,78,ID,1595628617,98,-0.32,102.35,72.12,2.53
Chazuta,75,PE,1595628617,58,-6.57,-76.14,87.8,3.36
Tanabi,21,BR,1595628617,21,-20.63,-49.65,80.6,4.7
Bandar-e Lengeh,38,IR,1595628617,71,26.56,54.88,93.2,4.7
Shebunino,22,RU,1595628618,77,46.43,141.86,58.23,4.65
Ilulissat,100,GL,1595628502,87,69.22,-51.1,48.2,3.36
Heraclea,0,TR,1595628618,38,37.51,34.05,69.53,3.47
Port Lincoln,0,AU,1595628524,89,-34.73,135.87,50.14,3.49
Cabedelo,43,BR,1595628262,83,-6.98,-34.83,75.2,10.29
Sistranda,75,NO,1595628618,87,63.73,8.83,51.8,10.29
Harlingen,20,US,1595628618,52,26.19,-97.7,93.99,9.17
Tuensang,100,IN,1595628618,84,26.28,94.83,70.09,1.07
Kayerkan,1,RU,1595628619,81,69.35,87.76,48.2,15.66
Vardø,10,NO,1595628527,87,70.37,31.11,57.2,19.46
Gemena,54,CD,1595628619,95,3.25,19.77,70.97,2.15
Saurimo,0,AO,1595628619,33,-9.66,20.39,60.08,5.59
Krnov,85,CZ,1595628619,80,50.09,17.7,64.0,4.18
Virginia Beach,75,US,1595628619,66,36.85,-75.98,88.0,6.93
Constitución,0,CL,1595628518,72,-35.33,-72.42,48.29,5.48
Faanui,0,PF,1595628532,77,-16.48,-151.75,77.38,20.54
Sahuaripa,58,MX,1595628620,50,29.05,-109.23,88.72,5.93
Huarmey,39,PE,1595628564,73,-10.07,-78.15,65.84,12.8
Ambilobe,88,MG,1595628620,55,-13.2,49.05,70.84,4.72
Lumatil,99,PH,1595628620,71,5.87,124.89,80.19,3.42
Cherskiy,15,RU,1595628523,56,68.75,161.3,72.34,1.7
Chigasaki,90,JP,1595628620,100,35.33,139.4,75.99,3.36
Port Macquarie,90,AU,1595628433,100,-31.43,152.92,51.01,2.24
Pangnirtung,90,CA,1595628620,81,66.15,-65.71,50.0,5.82
Namikupa,10,TZ,1595628621,82,-10.83,39.6,64.13,3.29
Olinda,40,BR,1595628552,83,-8.01,-34.86,75.2,10.29
Umluj,2,SA,1595628566,56,25.02,37.27,85.84,8.32
Lata,0,PT,1595628544,93,40.16,-8.33,66.99,8.99
Ruthin,98,GB,1595628621,90,53.11,-3.32,62.01,3.0
Gainesville,20,US,1595628621,52,29.65,-82.32,93.0,12.75
Amapá,100,BR,1595628621,98,1.0,-52.0,73.9,2.53
Paciran,100,ID,1595628621,84,-6.88,112.38,72.41,8.93
Tegul'det,99,RU,1595628621,96,57.31,88.17,51.66,3.98
Coquimbo,0,CL,1595628520,67,-29.95,-71.34,57.2,12.75
Bud,75,US,1595628622,54,39.45,-86.18,84.0,4.45
Ribeira Grande,0,PT,1595628550,72,38.52,-28.7,70.41,7.52
Ovalle,0,CL,1595628566,41,-30.6,-71.2,57.81,3.06
Shache,79,CN,1595628515,24,38.42,77.24,74.16,4.23
Isabela,40,PH,1595628622,94,6.71,121.97,75.2,2.24
Popondetta,0,PG,1595628622,78,-8.75,148.25,77.67,1.7
Dalaba,99,GN,1595628622,100,10.7,-12.25,63.61,4.5
Lázaro Cárdenas,65,MX,1595628547,66,17.96,-102.2,85.77,8.14
Rabo de Peixe,75,PT,1595628622,73,37.8,-25.58,69.8,2.24
Kikwit,48,CD,1595628623,32,-5.04,18.82,77.58,1.21
Tura,100,IN,1595628511,95,25.52,90.22,73.87,4.07
Province of Mantua,100,IT,1595628623,89,45.17,10.78,66.99,1.01
Kropotkin,71,RU,1595628623,46,45.44,40.58,69.19,11.48
Waingapu,29,ID,1595628623,80,-9.66,120.26,69.39,8.81
Haines Junction,96,CA,1595628278,48,60.75,-137.51,61.54,9.22
Sakakah,0,SA,1595628542,12,29.97,40.21,93.2,6.93
Ogulin,75,HR,1595628623,94,45.27,15.23,68.0,3.36
Painesville,1,US,1595628623,65,41.72,-81.25,81.0,5.82
Fuyang,100,CN,1595628624,94,32.9,115.82,65.77,0.76
Vila do Maio,75,CV,1595628624,78,15.13,-23.22,80.6,11.41
Nosy Varika,38,MG,1595628624,79,-20.58,48.53,64.67,8.95
Byron Bay,75,AU,1595628624,93,-28.65,153.62,60.8,5.82
Ayan,3,RU,1595628624,73,56.45,138.17,54.81,1.12
Iqaluit,75,CA,1595628522,81,63.75,-68.51,48.2,4.7
North Battleford,1,CA,1595628624,56,52.78,-108.28,73.99,11.41
Monrovia,75,LR,1595628624,94,6.3,-10.8,77.0,13.31
Strezhevoy,26,RU,1595628624,81,60.73,77.59,50.0,6.71
Bonavista,100,CA,1595628625,97,48.65,-53.11,56.8,6.24
Lavrentiya,99,RU,1595628562,69,65.58,-171.0,48.42,5.14
Gander,75,CA,1595628625,82,48.97,-54.59,68.0,3.36
Sambava,88,MG,1595628625,73,-14.27,50.17,69.89,17.6
Mehamn,18,NO,1595628625,93,71.04,27.85,55.4,4.7
La Palma,1,US,1595628625,50,33.85,-118.05,82.0,10.29
Vestmannaeyjar,17,IS,1595628517,73,63.44,-20.27,51.46,4.45
Gorlice,100,PL,1595628625,99,49.66,21.16,64.99,4.23
Kavieng,37,PG,1595628525,75,-2.57,150.8,84.13,15.19
Ambon City,40,ID,1595628625,83,-3.7,128.18,78.8,3.36
Cidreira,100,BR,1595628511,81,-30.18,-50.21,64.09,2.64
Conde,40,BR,1595628626,83,-7.26,-34.91,75.2,10.29
Lékoni,67,GA,1595628626,60,-1.58,14.26,78.4,6.96
Gigmoto,94,PH,1595628626,76,13.78,124.39,80.91,0.43
Malpe,75,IN,1595628626,94,13.35,74.72,75.2,3.36
Bushehr,74,IR,1595628626,61,28.97,50.84,89.76,3.94
Antofagasta,20,CL,1595628237,71,-23.65,-70.4,57.2,23.04
Fukuechō,79,JP,1595628626,80,32.69,128.84,74.7,20.09
Chapleau,40,CA,1595628627,44,47.84,-83.4,80.6,11.41
Port Hawkesbury,1,CA,1595628627,77,45.62,-61.35,72.0,8.05
Sibolga,75,ID,1595628426,74,1.74,98.78,76.41,3.4
Grajaú,45,BR,1595628627,45,-5.82,-46.14,81.23,3.94
Sola,40,VU,1595628545,88,-13.88,167.55,80.6,11.41
Mount Isa,0,AU,1595628508,66,-20.73,139.5,50.0,5.82
Pemberton,48,CA,1595628627,41,50.32,-122.8,71.04,6.31
Biak,30,ID,1595628627,81,-0.91,122.88,75.79,6.93
Hay River,90,CA,1595628627,76,60.82,-115.8,57.2,11.41
Venice,20,US,1595628552,70,27.1,-82.45,87.01,9.17
Pierre,20,US,1595628391,41,44.37,-100.35,96.8,17.22
Along,100,IN,1595628628,89,28.17,94.77,73.51,0.45
Mogadishu,56,SO,1595628554,76,2.04,45.34,77.07,22.1
Stromness,91,GB,1595628628,93,58.97,-3.3,55.4,14.99
Prince Rupert,90,CA,1595628503,87,54.32,-130.32,59.0,4.7
Dobryanka,97,RU,1595628628,100,58.46,56.42,55.4,2.24
Garmsār,98,IR,1595628628,18,35.22,52.34,92.14,11.68
Itacoatiara,41,BR,1595628629,61,-3.14,-58.44,83.41,0.83
Santa Rita,42,BR,1595628629,83,-7.11,-34.98,75.2,10.29
Rantepao,70,ID,1595628629,86,-2.97,119.9,63.84,1.3
Beira,75,MZ,1595628559,88,-19.84,34.84,66.2,14.99
Amga,50,RU,1595628629,57,60.9,131.96,69.49,5.21
Tuatapere,100,NZ,1595628629,85,-46.13,167.68,46.6,6.67
Havre-St-Pierre,75,CA,1595628629,72,50.23,-63.6,66.2,19.46
Nemuro,84,JP,1595628630,89,43.32,145.57,57.51,9.66
Şuletea,40,RO,1595628630,68,46.28,27.9,66.36,7.9
Bereket,4,TM,1595628630,25,39.24,55.52,91.27,7.61
Kieta,100,PG,1595628531,78,-6.22,155.63,82.17,6.85
Praia da Vitória,20,PT,1595628531,68,38.73,-27.07,71.6,3.44
Sovetskiy,84,RU,1595628521,68,61.36,63.58,52.7,5.28
Otjiwarongo,0,NA,1595628630,46,-20.46,16.65,50.77,11.59
Vikulovo,15,RU,1595628630,92,56.82,70.61,52.03,5.37
Lubango,0,AO,1595628630,43,-14.92,13.49,53.71,3.65
Tarnalelesz,100,HU,1595628631,93,48.05,20.18,61.86,4.25
Mwanza,20,TZ,1595628631,73,-2.52,32.9,75.2,5.82
Mackay,90,AU,1595628569,93,-21.15,149.2,64.0,6.93
Cutro,0,IT,1595628631,61,39.04,16.98,77.0,2.24
Letpadan,81,MM,1595628631,84,17.78,95.75,78.08,0.78
Lahijan,40,IR,1595628631,88,37.21,50.0,78.8,2.24
La Ronge,75,CA,1595628631,57,55.1,-105.28,77.0,13.87
Mitsamiouli,51,KM,1595628632,66,-11.38,43.28,77.23,7.45
Kanniyākumāri,100,IN,1595628632,83,8.08,77.57,79.23,12.86
Qaqortoq,97,GL,1595628632,71,60.72,-46.03,55.4,6.93
Isangel,75,VU,1595628518,83,-19.55,169.27,77.0,12.75
Lysyye Gory,0,RU,1595628632,73,51.55,44.84,54.91,4.59
Balabac,100,PH,1595628532,78,7.99,117.06,79.61,2.75
Qinhuangdao,93,CN,1595628632,60,39.93,119.59,75.43,3.51
Bad Aussee,94,AT,1595628632,84,47.61,13.78,61.0,4.0
Kumul,0,CN,1595628633,36,42.8,93.45,75.78,5.26
Shingū,100,JP,1595628633,95,33.73,135.98,75.18,5.68
Kachug,100,RU,1595628633,87,53.96,105.88,55.56,4.63
Pacific Grove,75,US,1595628535,68,36.62,-121.92,64.4,12.75
Shizunai-furukawachō,100,JP,1595628633,91,42.33,142.37,65.14,7.63
Aykhal,100,RU,1595628633,71,66.0,111.5,57.2,6.71
Khovd,0,MN,1595628527,57,48.01,91.64,64.04,1.92
Cabo San Lucas,5,MX,1595628633,58,22.89,-109.91,93.0,14.99
Xinqing,5,CN,1595628633,86,48.23,129.5,65.86,3.31
Khromtau,0,KZ,1595628633,87,50.25,58.43,60.46,9.28
Poya,42,NC,1595628634,72,-21.35,165.15,75.51,6.87
Santo Antônio do Içá,45,BR,1595628634,80,-3.1,-67.94,80.56,2.39
Kalmunai,100,LK,1595628634,79,7.42,81.82,80.04,4.97
Lenger,0,KZ,1595628634,56,42.18,69.88,71.6,4.47
Harper,77,LR,1595628546,85,4.38,-7.72,75.56,10.42
Simpang,70,ID,1595628634,98,-1.27,104.08,72.9,2.68
Coyhaique,90,CL,1595628534,84,-45.58,-72.07,41.0,4.7
Eyl,91,SO,1595628548,67,7.98,49.82,77.38,25.1
Kayes,40,ML,1595628635,89,14.0,-11.0,86.0,4.7
Cherdyn',11,RU,1595628635,76,60.4,56.48,52.86,3.22
Oodweyne,6,SO,1595628635,60,9.41,45.06,71.24,15.05
Verkhov'ye,0,RU,1595628635,90,52.81,37.24,52.0,2.1
Bukama,0,CD,1595628635,35,-9.2,25.85,65.97,1.54
Barra do Bugres,27,BR,1595628635,34,-15.07,-57.18,84.31,3.11
Srednekolymsk,65,RU,1595628635,32,67.45,153.68,82.45,6.71
San Vicente,73,AR,1595628547,72,-26.62,-54.13,65.34,1.45
Arlit,61,NE,1595628502,44,18.74,7.39,87.98,14.65
Sioux Lookout,75,CA,1595628457,58,50.1,-91.92,87.8,13.87
Guasdualito,75,VE,1595628636,94,7.24,-70.73,77.0,6.93
São Bernardo,14,BR,1595628636,77,-3.36,-42.42,77.32,4.79
Lüshunkou,89,CN,1595628636,73,38.8,121.27,69.8,4.47
Lamu,13,KE,1595628637,75,-2.27,40.9,76.15,23.11
Grindavik,20,IS,1595628637,70,63.84,-22.43,46.4,23.04
Anloga,20,GH,1595628637,88,5.79,0.9,75.2,9.17
Tabou,83,CI,1595628501,85,4.42,-7.35,75.6,9.46
Padang,99,ID,1595628638,78,-0.95,100.35,77.31,5.48
Baykit,89,RU,1595628638,89,61.67,96.37,51.75,3.83
Borba,68,BR,1595628638,62,-4.39,-59.59,83.46,0.63
Sabha,0,LY,1595628638,21,27.04,14.43,81.54,9.24
Pindiga,96,NG,1595628638,93,9.98,10.93,72.39,5.08
Torrington,100,US,1595628638,68,41.8,-73.12,82.0,1.07
Lodja,10,CD,1595628638,63,-3.48,23.43,73.31,1.16
Vanimo,92,PG,1595628567,79,-2.67,141.3,79.63,5.48
Tommot,87,RU,1595628638,91,58.96,126.29,62.62,2.26
Nuuk,75,GL,1595628587,71,64.18,-51.72,55.4,4.7
Klyuchi,2,RU,1595628534,95,52.27,79.17,59.65,3.02
